{
  "pt_country_region": {
    "precision": 0.9854368932038835,
    "recall": 1.0,
    "f1-score": 0.9926650366748166,
    "support": 203
  },
  "pt_country_code": {
    "precision": 0.9908186687069626,
    "recall": 0.9915773353751914,
    "f1-score": 0.9911978568694987,
    "support": 1306
  },
  "language": {
    "precision": 0.0,
    "recall": 0.0,
    "f1-score": 0.0,
    "support": 7
  },
  "preferred_lang": {
    "precision": 1.0,
    "recall": 1.0,
    "f1-score": 1.0,
    "support": 4
  },
  "pt_geography": {
    "precision": 1.0,
    "recall": 1.0,
    "f1-score": 1.0,
    "support": 20
  },
  "pt_country_municipal": {
    "precision": 0.9993924665856622,
    "recall": 0.9885817307692307,
    "f1-score": 0.9939577039274924,
    "support": 1664
  },
  "pt_virus": {
    "precision": 0.6917502787068004,
    "recall": 0.8245847176079735,
    "f1-score": 0.7523491967262806,
    "support": 1505
  },
  "micro avg": {
    "precision": 0.8856741008639742,
    "recall": 0.9360798471012954,
    "f1-score": 0.9101796407185629,
    "support": 4709
  },
  "macro avg": {
    "precision": 0.8096283296004726,
    "recall": 0.8292491119646279,
    "f1-score": 0.8185956848854411,
    "support": 4709
  },
  "weighted avg": {
    "precision": 0.8966077945432063,
    "recall": 0.9360798471012954,
    "f1-score": 0.9144715574272569,
    "support": 4709
  }
}