{
  "pt_country_region": {
    "precision": 0.9854368932038835,
    "recall": 1.0,
    "f1-score": 0.9926650366748166,
    "support": 203
  },
  "pt_country_code": {
    "precision": 0.9878695981804397,
    "recall": 0.9977029096477795,
    "f1-score": 0.9927619047619047,
    "support": 1306
  },
  "language": {
    "precision": 0.5,
    "recall": 0.8571428571428571,
    "f1-score": 0.631578947368421,
    "support": 7
  },
  "preferred_lang": {
    "precision": 1.0,
    "recall": 1.0,
    "f1-score": 1.0,
    "support": 4
  },
  "pt_geography": {
    "precision": 1.0,
    "recall": 1.0,
    "f1-score": 1.0,
    "support": 20
  },
  "pt_country_municipal": {
    "precision": 0.999388379204893,
    "recall": 0.9819711538461539,
    "f1-score": 0.9906032130948772,
    "support": 1664
  },
  "pt_virus": {
    "precision": 0.6928610957387936,
    "recall": 0.8318936877076412,
    "f1-score": 0.7560386473429952,
    "support": 1505
  },
  "micro avg": {
    "precision": 0.8838696781930842,
    "recall": 0.939052877468677,
    "f1-score": 0.9106260296540363,
    "support": 4709
  },
  "macro avg": {
    "precision": 0.88079370947543,
    "recall": 0.9526729440492047,
    "f1-score": 0.9090925356061449,
    "support": 4709
  },
  "weighted avg": {
    "precision": 0.8968867268268993,
    "recall": 0.939052877468677,
    "f1-score": 0.9158379727196215,
    "support": 4709
  }
}